N,n-tank,tank,treatment,temp_treatment,date,TL_mm,mass_mg,
1,1,1,HOT,27,10/18/19,27,114,
2,2,1,HOT,27,10/18/19,27,133,
3,3,1,HOT,27,10/18/19,33,214,
4,4,1,HOT,27,10/18/19,23,85,
5,5,1,HOT,27,10/18/19,34,248,
6,6,1,HOT,27,10/18/19,30,145,
7,7,1,HOT,27,10/18/19,35,222,
8,8,1,HOT,27,10/18/19,36,252,
9,9,1,HOT,27,10/18/19,35,198,
10,10,1,HOT,27,10/18/19,34,242,
11,11,1,HOT,27,10/18/19,37,290,
12,12,1,HOT,27,10/18/19,30,212,
13,13,1,HOT,27,10/18/19,38,308,
14,14,1,HOT,27,10/18/19,30,170,
15,15,1,HOT,27,10/18/19,32,179,
16,16,1,HOT,27,10/18/19,30,145,
17,17,1,HOT,27,10/18/19,37,309,
18,18,1,HOT,27,10/18/19,32,226,
19,19,1,HOT,27,10/18/19,32,179,
20,20,1,HOT,27,10/18/19,31,192,
21,21,1,HOT,27,10/18/19,40,339,
22,22,1,HOT,27,10/18/19,27,150,
23,23,1,HOT,27,10/18/19,35,127,
24,24,1,HOT,27,10/18/19,34,265,
25,25,1,HOT,27,10/18/19,27,188,
26,26,1,HOT,27,10/18/19,36,295,
27,27,1,HOT,27,10/18/19,36,397,
28,28,1,HOT,27,10/18/19,36,246,
29,29,1,HOT,27,10/18/19,31,207,
30,30,1,HOT,27,10/18/19,37,263,
31,31,1,HOT,27,10/18/19,34,225,
32,32,1,HOT,27,10/18/19,36,318,
33,1,2,V1,V1,10/18/19,42,413,
34,2,2,V1,V1,10/18/19,34,271,
35,3,2,V1,V1,10/18/19,32,219,
36,4,2,V1,V1,10/18/19,40,382,
37,5,2,V1,V1,10/18/19,40,348,
38,6,2,V1,V1,10/18/19,37,334,
39,7,2,V1,V1,10/18/19,36,283,
40,8,2,V1,V1,10/18/19,27,114,
41,9,2,V1,V1,10/18/19,36,241,
42,10,2,V1,V1,10/18/19,24,85,
43,11,2,V1,V1,10/18/19,36,251,
44,12,2,V1,V1,10/18/19,26,92,
45,13,2,V1,V1,10/18/19,37,375,
46,14,2,V1,V1,10/18/19,35,314,
47,15,2,V1,V1,10/18/19,38,299,
48,16,2,V1,V1,10/18/19,37,291,
49,17,2,V1,V1,10/18/19,31,182,
50,18,2,V1,V1,10/18/19,30,151,
51,19,2,V1,V1,10/18/19,32,210,
52,20,2,V1,V1,10/18/19,33,182,
53,21,2,V1,V1,10/18/19,32,196,
54,22,2,V1,V1,10/18/19,36,246,
55,23,2,V1,V1,10/18/19,35,294,
56,24,2,V1,V1,10/18/19,26,118,
57,25,2,V1,V1,10/18/19,40,302,
58,26,2,V1,V1,10/18/19,41,385,
59,27,2,V1,V1,10/18/19,35,233,
60,28,2,V1,V1,10/18/19,37,274,
61,29,2,V1,V1,10/18/19,31,180,
62,30,2,V1,V1,10/18/19,37,395,
63,31,2,V1,V1,10/18/19,32,195,
64,32,2,V1,V1,10/18/19,30,188,
65,33,2,V1,V1,10/18/19,27,154,
66,34,2,V1,V1,10/18/19,32,194,
67,35,2,V1,V1,10/18/19,30,189,
68,1,3,COLD,12,10/18/19,30,145,
69,2,3,COLD,12,10/18/19,27,95,
70,3,3,COLD,12,10/18/19,41,353,
71,4,3,COLD,12,10/18/19,36,300,
72,5,3,COLD,12,10/18/19,35,283,
73,6,3,COLD,12,10/18/19,40,362,
74,7,3,COLD,12,10/18/19,33,226,
75,8,3,COLD,12,10/18/19,37,337,
76,9,3,COLD,12,10/18/19,28,146,
77,10,3,COLD,12,10/18/19,29,170,
78,11,3,COLD,12,10/18/19,30,181,
79,12,3,COLD,12,10/18/19,39,381,
80,13,3,COLD,12,10/18/19,36,302,
81,14,3,COLD,12,10/18/19,35,248,
82,15,3,COLD,12,10/18/19,30,201,
83,16,3,COLD,12,10/18/19,39,315,
84,17,3,COLD,12,10/18/19,31,147,
85,18,3,COLD,12,10/18/19,32,231,
86,19,3,COLD,12,10/18/19,32,200,
87,20,3,COLD,12,10/18/19,40,365,
88,21,3,COLD,12,10/18/19,39,439,
89,22,3,COLD,12,10/18/19,32,278,
90,23,3,COLD,12,10/18/19,35,249,
91,24,3,COLD,12,10/18/19,37,263,
92,25,3,COLD,12,10/18/19,35,247,
93,26,3,COLD,12,10/18/19,31,171,
94,27,3,COLD,12,10/18/19,39,350,
95,28,3,COLD,12,10/18/19,32,205,
96,1,4,V1,V1,10/18/19,32,191,
97,2,4,V1,V1,10/18/19,36,317,
98,3,4,V1,V1,10/18/19,36,210,
99,4,4,V1,V1,10/18/19,26,95,
100,5,4,V1,V1,10/18/19,33,265,
101,6,4,V1,V1,10/18/19,37,345,
102,7,4,V1,V1,10/18/19,38,333,
103,8,4,V1,V1,10/18/19,36,317,
104,9,4,V1,V1,10/18/19,34,245,
105,10,4,V1,V1,10/18/19,32,170,
106,11,4,V1,V1,10/18/19,40,422,
107,12,4,V1,V1,10/18/19,36,243,
108,13,4,V1,V1,10/18/19,33,196,
109,14,4,V1,V1,10/18/19,21,52,
110,15,4,V1,V1,10/18/19,37,315,
111,16,4,V1,V1,10/18/19,28,160,
112,17,4,V1,V1,10/18/19,38,266,
113,18,4,V1,V1,10/18/19,37,247,
114,19,4,V1,V1,10/18/19,41,346,
115,20,4,V1,V1,10/18/19,27,115,
116,21,4,V1,V1,10/18/19,30,196,
117,22,4,V1,V1,10/18/19,28,160,
118,23,4,V1,V1,10/18/19,37,405,
119,24,4,V1,V1,10/18/19,34,243,
120,25,4,V1,V1,10/18/19,34,279,
121,26,4,V1,V1,10/18/19,33,242,
122,27,4,V1,V1,10/18/19,34,233,
123,28,4,V1,V1,10/18/19,34,207,
124,29,4,V1,V1,10/18/19,36,278,
125,30,4,V1,V1,10/18/19,35,291,
126,31,4,V1,V1,10/18/19,38,317,
127,32,4,V1,V1,10/18/19,30,165,
128,1,5,MED,22,10/18/19,36,256,
129,2,5,MED,22,10/18/19,31,230,
130,3,5,MED,22,10/18/19,33,321,
131,4,5,MED,22,10/18/19,27,144,
132,5,5,MED,22,10/18/19,37,335,
133,6,5,MED,22,10/18/19,35,259,
134,7,5,MED,22,10/18/19,41,423,
135,8,5,MED,22,10/18/19,36,356,
136,9,5,MED,22,10/18/19,35,234,
137,10,5,MED,22,10/18/19,25,139,
138,11,5,MED,22,10/18/19,30,137,
139,12,5,MED,22,10/18/19,32,158,
140,13,5,MED,22,10/18/19,30,176,
141,14,5,MED,22,10/18/19,41,371,
142,15,5,MED,22,10/18/19,43,450,
143,16,5,MED,22,10/18/19,37,432,
144,17,5,MED,22,10/18/19,37,261,
145,18,5,MED,22,10/18/19,34,209,
146,19,5,MED,22,10/18/19,38,298,
147,20,5,MED,22,10/18/19,37,351,
148,21,5,MED,22,10/18/19,38,331,
149,22,5,MED,22,10/18/19,32,212,
150,23,5,MED,22,10/18/19,33,187,
151,24,5,MED,22,10/18/19,42,414,
152,25,5,MED,22,10/18/19,32,220,
153,26,5,MED,22,10/18/19,26,135,
154,27,5,MED,22,10/18/19,42,487,
155,28,5,MED,22,10/18/19,37,245,
156,29,5,MED,22,10/18/19,34,205,
157,30,5,MED,22,10/18/19,35,348,
158,31,5,MED,22,10/18/19,26,157,
159,32,5,MED,22,10/18/19,32,179,
160,1,6,LOW,17,10/18/19,42,413,
161,2,6,LOW,17,10/18/19,38,382,
162,3,6,LOW,17,10/18/19,23,146,
163,4,6,LOW,17,10/18/19,30,163,
164,5,6,LOW,17,10/18/19,37,255,
165,6,6,LOW,17,10/18/19,36,256,
166,7,6,LOW,17,10/18/19,30,171,
167,8,6,LOW,17,10/18/19,40,423,
168,9,6,LOW,17,10/18/19,34,224,
169,10,6,LOW,17,10/18/19,35,248,
170,11,6,LOW,17,10/18/19,42,393,
171,12,6,LOW,17,10/18/19,32,195,
172,13,6,LOW,17,10/18/19,34,245,
173,14,6,LOW,17,10/18/19,30,151,
174,15,6,LOW,17,10/18/19,31,162,
175,16,6,LOW,17,10/18/19,37,316,
176,17,6,LOW,17,10/18/19,27,102,
177,18,6,LOW,17,10/18/19,36,293,
178,19,6,LOW,17,10/18/19,37,295,
179,20,6,LOW,17,10/18/19,37,292,
180,21,6,LOW,17,10/18/19,32,184,
181,22,6,LOW,17,10/18/19,29,171,
182,23,6,LOW,17,10/18/19,35,211,
183,24,6,LOW,17,10/18/19,38,326,
184,25,6,LOW,17,10/18/19,34,244,
185,26,6,LOW,17,10/18/19,37,231,
186,27,6,LOW,17,10/18/19,27,122,
187,28,6,LOW,17,10/18/19,37,268,
188,29,6,LOW,17,10/18/19,30,133,
189,30,6,LOW,17,10/18/19,31,169,
190,31,6,LOW,17,10/18/19,32,178,
191,32,6,LOW,17,10/18/19,39,359,
192,33,6,LOW,17,10/18/19,37,289,
193,34,6,LOW,17,10/18/19,35,197,
194,35,6,LOW,17,10/18/19,33,189,
195,1,7,V2,V2,10/18/19,36,331,
196,2,7,V2,V2,10/18/19,40,401,
197,3,7,V2,V2,10/18/19,36,308,
198,4,7,V2,V2,10/18/19,35,289,
199,5,7,V2,V2,10/18/19,33,230,
200,6,7,V2,V2,10/18/19,35,286,
201,7,7,V2,V2,10/18/19,34,239,
202,8,7,V2,V2,10/18/19,27,139,
203,9,7,V2,V2,10/18/19,31,194,
204,10,7,V2,V2,10/18/19,41,362,
205,11,7,V2,V2,10/18/19,33,256,
206,12,7,V2,V2,10/18/19,37,351,
207,13,7,V2,V2,10/18/19,40,374,
208,14,7,V2,V2,10/18/19,35,221,
209,15,7,V2,V2,10/18/19,35,343,
210,16,7,V2,V2,10/18/19,30,284,
211,17,7,V2,V2,10/18/19,38,360,
212,18,7,V2,V2,10/18/19,33,227,
213,19,7,V2,V2,10/18/19,38,361,
214,20,7,V2,V2,10/18/19,33,230,
215,21,7,V2,V2,10/18/19,36,294,
216,22,7,V2,V2,10/18/19,37,265,
217,23,7,V2,V2,10/18/19,34,244,
218,24,7,V2,V2,10/18/19,26,137,
219,25,7,V2,V2,10/18/19,34,282,
220,26,7,V2,V2,10/18/19,30,188,
221,27,7,V2,V2,10/18/19,35,270,
222,28,7,V2,V2,10/18/19,36,266,
223,29,7,V2,V2,10/18/19,34,228,
224,30,7,V2,V2,10/18/19,33,213,
225,31,7,V2,V2,10/18/19,41,404,
226,32,7,V2,V2,10/18/19,32,208,
227,1,8,COLD,12,10/18/19,33,278,
228,2,8,COLD,12,10/18/19,23,105,
229,3,8,COLD,12,10/18/19,34,268,
230,4,8,COLD,12,10/18/19,36,250,
231,5,8,COLD,12,10/18/19,33,262,
232,6,8,COLD,12,10/18/19,34,289,
233,7,8,COLD,12,10/18/19,31,188,
234,8,8,COLD,12,10/18/19,39,313,
235,9,8,COLD,12,10/18/19,35,260,
236,10,8,COLD,12,10/18/19,34,196,
237,11,8,COLD,12,10/18/19,35,235,
238,12,8,COLD,12,10/18/19,42,420,
239,13,8,COLD,12,10/18/19,39,322,
240,14,8,COLD,12,10/18/19,35,239,
241,15,8,COLD,12,10/18/19,43,404,
242,16,8,COLD,12,10/18/19,31,178,
243,17,8,COLD,12,10/18/19,39,313,
244,18,8,COLD,12,10/18/19,32,216,
245,19,8,COLD,12,10/18/19,31,191,
246,20,8,COLD,12,10/18/19,32,185,
247,21,8,COLD,12,10/18/19,37,286,
248,22,8,COLD,12,10/18/19,40,369,
249,23,8,COLD,12,10/18/19,28,172,
250,24,8,COLD,12,10/18/19,35,235,
251,25,8,COLD,12,10/18/19,37,280,
252,26,8,COLD,12,10/18/19,32,215,
253,27,8,COLD,12,10/18/19,27,152,
254,28,8,COLD,12,10/18/19,27,143,
255,29,8,COLD,12,10/18/19,26,77,
256,30,8,COLD,12,10/18/19,32,181,
257,31,8,COLD,12,10/18/19,42,414,
258,32,8,COLD,12,10/18/19,35,255,
259,1,9,MED,22,10/18/19,41,363,
260,2,9,MED,22,10/18/19,20,65,
261,3,9,MED,22,10/18/19,35,247,
262,4,9,MED,22,10/18/19,30,166,
263,5,9,MED,22,10/18/19,32,192,
264,6,9,MED,22,10/18/19,35,217,
265,7,9,MED,22,10/18/19,28,136,
266,8,9,MED,22,10/18/19,33,202,
267,9,9,MED,22,10/18/19,25,77,
268,10,9,MED,22,10/18/19,30,137,
269,11,9,MED,22,10/18/19,29,126,
270,12,9,MED,22,10/18/19,37,302,
271,13,9,MED,22,10/18/19,35,258,
272,14,9,MED,22,10/18/19,25,83,
273,15,9,MED,22,10/18/19,40,314,
274,16,9,MED,22,10/18/19,30,150,
275,17,9,MED,22,10/18/19,43,443,
276,18,9,MED,22,10/18/19,32,171,
277,19,9,MED,22,10/18/19,31,222,
278,20,9,MED,22,10/18/19,32,220,
279,21,9,MED,22,10/18/19,39,372,
280,22,9,MED,22,10/18/19,24,87,
281,23,9,MED,22,10/18/19,36,278,
282,24,9,MED,22,10/18/19,34,275,
283,25,9,MED,22,10/18/19,30,126,
284,26,9,MED,22,10/18/19,35,241,
285,27,9,MED,22,10/18/19,33,190,
286,28,9,MED,22,10/18/19,34,239,
287,29,9,MED,22,10/18/19,30,188,
288,30,9,MED,22,10/18/19,34,232,
289,31,9,MED,22,10/18/19,34,247,
290,32,9,MED,22,10/18/19,31,149,
291,33,9,MED,22,10/18/19,28,169,
292,34,9,MED,22,10/18/19,35,192,
293,35,9,MED,22,10/18/19,34,158,
294,36,9,MED,22,10/18/19,29,134,
295,1,10,HOT,27,10/18/19,39,363,
296,2,10,HOT,27,10/18/19,34,199,
297,3,10,HOT,27,10/18/19,24,82,
298,4,10,HOT,27,10/18/19,33,194,
299,5,10,HOT,27,10/18/19,41,313,
300,6,10,HOT,27,10/18/19,40,339,
301,7,10,HOT,27,10/18/19,34,185,
302,8,10,HOT,27,10/18/19,41,281,
303,9,10,HOT,27,10/18/19,38,333,
304,10,10,HOT,27,10/18/19,37,380,
305,11,10,HOT,27,10/18/19,38,335,
306,12,10,HOT,27,10/18/19,20,78,
307,13,10,HOT,27,10/18/19,36,293,
308,14,10,HOT,27,10/18/19,31,197,
309,15,10,HOT,27,10/18/19,30,150,
310,16,10,HOT,27,10/18/19,37,271,
311,17,10,HOT,27,10/18/19,35,234,
312,18,10,HOT,27,10/18/19,31,179,
313,19,10,HOT,27,10/18/19,36,240,
314,20,10,HOT,27,10/18/19,38,287,
315,21,10,HOT,27,10/18/19,35,277,
316,22,10,HOT,27,10/18/19,32,202,
317,23,10,HOT,27,10/18/19,37,290,
318,24,10,HOT,27,10/18/19,37,299,
319,25,10,HOT,27,10/18/19,37,288,
320,26,10,HOT,27,10/18/19,36,234,
321,27,10,HOT,27,10/18/19,36,228,
322,28,10,HOT,27,10/18/19,31,154,
323,29,10,HOT,27,10/18/19,36,236,
324,30,10,HOT,27,10/18/19,27,148,
325,31,10,HOT,27,10/18/19,41,445,
326,32,10,HOT,27,10/18/19,37,262,
327,33,10,HOT,27,10/18/19,28,145,
328,34,10,HOT,27,10/18/19,40,335,
329,35,10,HOT,27,10/18/19,37,334,
330,1,11,LOW,17,10/18/19,40,400,
331,2,11,LOW,17,10/18/19,43,443,
332,3,11,LOW,17,10/18/19,27,176,
333,4,11,LOW,17,10/18/19,40,418,
334,5,11,LOW,17,10/18/19,41,389,
335,6,11,LOW,17,10/18/19,25,114,
336,7,11,LOW,17,10/18/19,32,240,
337,8,11,LOW,17,10/18/19,37,298,
338,9,11,LOW,17,10/18/19,32,163,
339,10,11,LOW,17,10/18/19,38,327,
340,11,11,LOW,17,10/18/19,34,272,
341,12,11,LOW,17,10/18/19,36,242,
342,13,11,LOW,17,10/18/19,33,231,
343,14,11,LOW,17,10/18/19,33,239,
344,15,11,LOW,17,10/18/19,35,307,
345,16,11,LOW,17,10/18/19,32,190,
346,17,11,LOW,17,10/18/19,29,144,
347,18,11,LOW,17,10/18/19,41,388,
348,19,11,LOW,17,10/18/19,34,320,
349,20,11,LOW,17,10/18/19,36,262,
350,21,11,LOW,17,10/18/19,35,241,
351,22,11,LOW,17,10/18/19,39,346,
352,23,11,LOW,17,10/18/19,30,170,
353,24,11,LOW,17,10/18/19,34,250,
354,25,11,LOW,17,10/18/19,37,314,
355,26,11,LOW,17,10/18/19,33,227,
356,27,11,LOW,17,10/18/19,32,184,
357,28,11,LOW,17,10/18/19,30,152,
358,29,11,LOW,17,10/18/19,28,128,
359,30,11,LOW,17,10/18/19,35,253,
360,31,11,LOW,17,10/18/19,37,260,
361,32,11,LOW,17,10/18/19,41,410,
362,33,11,LOW,17,10/18/19,31,152,
363,1,12,V2,V2,10/18/19,32,230,
364,2,12,V2,V2,10/18/19,43,423,
365,3,12,V2,V2,10/18/19,32,152,
366,4,12,V2,V2,10/18/19,37,335,
367,5,12,V2,V2,10/18/19,31,150,
368,6,12,V2,V2,10/18/19,28,128,
369,7,12,V2,V2,10/18/19,32,186,
370,8,12,V2,V2,10/18/19,29,146,
371,9,12,V2,V2,10/18/19,28,166,
372,10,12,V2,V2,10/18/19,31,204,
373,11,12,V2,V2,10/18/19,37,262,
374,12,12,V2,V2,10/18/19,30,128,
375,13,12,V2,V2,10/18/19,33,222,
376,14,12,V2,V2,10/18/19,37,291,
377,15,12,V2,V2,10/18/19,41,404,
378,16,12,V2,V2,10/18/19,43,437,
379,17,12,V2,V2,10/18/19,38,327,
380,18,12,V2,V2,10/18/19,33,192,
381,19,12,V2,V2,10/18/19,33,213,
382,20,12,V2,V2,10/18/19,44,449,
383,21,12,V2,V2,10/18/19,34,211,
384,22,12,V2,V2,10/18/19,32,181,
385,23,12,V2,V2,10/18/19,30,149,
386,24,12,V2,V2,10/18/19,37,338,
387,25,12,V2,V2,10/18/19,25,68,
388,26,12,V2,V2,10/18/19,31,154,
389,27,12,V2,V2,10/18/19,26,91,
390,28,12,V2,V2,10/18/19,41,348,
391,29,12,V2,V2,10/18/19,27,140,
392,30,12,V2,V2,10/18/19,40,404,
393,31,12,V2,V2,10/18/19,29,160,
394,32,12,V2,V2,10/18/19,39,327,
395,1,13,COLD,12,10/18/19,37,317,
396,2,13,COLD,12,10/18/19,37,259,
397,3,13,COLD,12,10/18/19,32,155,
398,4,13,COLD,12,10/18/19,29,158,
399,5,13,COLD,12,10/18/19,35,289,
400,6,13,COLD,12,10/18/19,35,214,
401,7,13,COLD,12,10/18/19,39,380,
402,8,13,COLD,12,10/18/19,37,363,
403,9,13,COLD,12,10/18/19,37,310,
404,10,13,COLD,12,10/18/19,38,333,
405,11,13,COLD,12,10/18/19,36,231,
406,12,13,COLD,12,10/18/19,33,181,
407,13,13,COLD,12,10/18/19,34,180,
408,14,13,COLD,12,10/18/19,31,148,
409,15,13,COLD,12,10/18/19,26,100,
410,16,13,COLD,12,10/18/19,37,272,
411,17,13,COLD,12,10/18/19,28,111,
412,18,13,COLD,12,10/18/19,35,210,
413,19,13,COLD,12,10/18/19,39,314,
414,20,13,COLD,12,10/18/19,39,352,
415,21,13,COLD,12,10/18/19,33,250,
416,22,13,COLD,12,10/18/19,38,333,
417,23,13,COLD,12,10/18/19,32,185,
418,24,13,COLD,12,10/18/19,23,60,
419,25,13,COLD,12,10/18/19,28,157,
420,26,13,COLD,12,10/18/19,30,137,
421,27,13,COLD,12,10/18/19,27,131,
422,28,13,COLD,12,10/18/19,36,271,
423,29,13,COLD,12,10/18/19,34,253,
424,30,13,COLD,12,10/18/19,28,117,
425,31,13,COLD,12,10/18/19,36,300,
426,32,13,COLD,12,10/18/19,43,424,
427,33,13,COLD,12,10/18/19,24,72,
428,34,13,COLD,12,10/18/19,37,272,
429,1,14,V1,V1,10/18/19,34,221,
430,2,14,V1,V1,10/18/19,36,284,
431,3,14,V1,V1,10/18/19,32,186,
432,4,14,V1,V1,10/18/19,32,155,
433,5,14,V1,V1,10/18/19,40,363,
434,6,14,V1,V1,10/18/19,36,283,
435,7,14,V1,V1,10/18/19,37,235,
436,8,14,V1,V1,10/18/19,30,163,
437,9,14,V1,V1,10/18/19,34,210,
438,10,14,V1,V1,10/18/19,25,90,
439,11,14,V1,V1,10/18/19,36,232,
440,12,14,V1,V1,10/18/19,31,163,
441,13,14,V1,V1,10/18/19,38,262,
442,14,14,V1,V1,10/18/19,26,97,
443,15,14,V1,V1,10/18/19,41,322,
444,16,14,V1,V1,10/18/19,39,360,
445,17,14,V1,V1,10/18/19,33,218,
446,18,14,V1,V1,10/18/19,34,215,
447,19,14,V1,V1,10/18/19,43,472,
448,20,14,V1,V1,10/18/19,36,279,
449,21,14,V1,V1,10/18/19,28,141,
450,22,14,V1,V1,10/18/19,30,157,
451,23,14,V1,V1,10/18/19,32,185,
452,24,14,V1,V1,10/18/19,36,288,
453,25,14,V1,V1,10/18/19,38,341,
454,26,14,V1,V1,10/18/19,38,363,
455,27,14,V1,V1,10/18/19,35,197,
456,28,14,V1,V1,10/18/19,33,239,
457,29,14,V1,V1,10/18/19,37,270,
458,30,14,V1,V1,10/18/19,38,309,
459,31,14,V1,V1,10/18/19,32,172,
460,32,14,V1,V1,10/18/19,39,319,
461,33,14,V1,V1,10/18/19,37,289,
462,1,15,V2,V2,10/18/19,31,218,
463,2,15,V2,V2,10/18/19,33,253,
464,3,15,V2,V2,10/18/19,39,364,
465,4,15,V2,V2,10/18/19,39,347,
466,5,15,V2,V2,10/18/19,37,252,
467,6,15,V2,V2,10/18/19,41,438,
468,7,15,V2,V2,10/18/19,32,159,
469,8,15,V2,V2,10/18/19,38,378,
470,9,15,V2,V2,10/18/19,38,308,
471,10,15,V2,V2,10/18/19,38,362,
472,11,15,V2,V2,10/18/19,30,180,
473,12,15,V2,V2,10/18/19,32,242,
474,13,15,V2,V2,10/18/19,25,155,
475,14,15,V2,V2,10/18/19,33,239,
476,15,15,V2,V2,10/18/19,42,437,
477,16,15,V2,V2,10/18/19,27,172,
478,17,15,V2,V2,10/18/19,32,140,
479,18,15,V2,V2,10/18/19,31,163,
480,19,15,V2,V2,10/18/19,35,253,
481,20,15,V2,V2,10/18/19,28,181,
482,21,15,V2,V2,10/18/19,29,140,
483,22,15,V2,V2,10/18/19,33,245,
484,23,15,V2,V2,10/18/19,33,195,
485,24,15,V2,V2,10/18/19,34,204,
486,25,15,V2,V2,10/18/19,30,140,
487,26,15,V2,V2,10/18/19,34,207,
488,27,15,V2,V2,10/18/19,40,345,
489,28,15,V2,V2,10/18/19,35,247,
490,29,15,V2,V2,10/18/19,30,184,
491,30,15,V2,V2,10/18/19,37,338,
492,31,15,V2,V2,10/18/19,39,316,
493,32,15,V2,V2,10/18/19,30,126,
494,33,15,V2,V2,10/18/19,20,63,
495,1,16,HOT,27,10/18/19,35,237,
496,2,16,HOT,27,10/18/19,37,283,
497,3,16,HOT,27,10/18/19,33,231,
498,4,16,HOT,27,10/18/19,32,168,
499,5,16,HOT,27,10/18/19,36,202,
500,6,16,HOT,27,10/18/19,33,185,
501,7,16,HOT,27,10/18/19,33,220,
502,8,16,HOT,27,10/18/19,32,165,
503,9,16,HOT,27,10/18/19,34,257,
504,10,16,HOT,27,10/18/19,30,168,
505,11,16,HOT,27,10/18/19,38,342,
506,12,16,HOT,27,10/18/19,36,237,
507,13,16,HOT,27,10/18/19,28,170,
508,14,16,HOT,27,10/18/19,37,231,
509,15,16,HOT,27,10/18/19,33,204,
510,16,16,HOT,27,10/18/19,25,90,
511,17,16,HOT,27,10/18/19,35,271,
512,18,16,HOT,27,10/18/19,17,27,
513,19,16,HOT,27,10/18/19,24,73,
514,20,16,HOT,27,10/18/19,32,142,
515,21,16,HOT,27,10/18/19,41,344,
516,22,16,HOT,27,10/18/19,27,136,
517,23,16,HOT,27,10/18/19,28,145,
518,24,16,HOT,27,10/18/19,39,332,
519,25,16,HOT,27,10/18/19,33,202,
520,26,16,HOT,27,10/18/19,35,207,
521,27,16,HOT,27,10/18/19,38,271,
522,28,16,HOT,27,10/18/19,32,154,
523,29,16,HOT,27,10/18/19,30,156,
524,30,16,HOT,27,10/18/19,39,312,
525,31,16,HOT,27,10/18/19,36,248,
526,32,16,HOT,27,10/18/19,26,109,
527,33,16,HOT,27,10/18/19,30,106,
528,34,16,HOT,27,10/18/19,34,226,
529,35,16,HOT,27,10/18/19,36,226,
530,1,17,MED,22,10/18/19,34,242,
531,2,17,MED,22,10/18/19,43,409,
532,3,17,MED,22,10/18/19,37,285,
533,4,17,MED,22,10/18/19,34,233,
534,5,17,MED,22,10/18/19,35,247,
535,6,17,MED,22,10/18/19,31,173,
536,7,17,MED,22,10/18/19,25,113,
537,8,17,MED,22,10/18/19,20,60,
538,9,17,MED,22,10/18/19,41,381,
539,10,17,MED,22,10/18/19,32,165,
540,11,17,MED,22,10/18/19,34,241,
541,12,17,MED,22,10/18/19,32,188,
542,13,17,MED,22,10/18/19,34,270,
543,14,17,MED,22,10/18/19,33,201,
544,15,17,MED,22,10/18/19,38,287,
545,16,17,MED,22,10/18/19,41,450,
546,17,17,MED,22,10/18/19,34,223,
547,18,17,MED,22,10/18/19,39,328,
548,19,17,MED,22,10/18/19,36,295,
549,20,17,MED,22,10/18/19,42,408,
550,21,17,MED,22,10/18/19,32,164,
551,22,17,MED,22,10/18/19,39,292,
552,23,17,MED,22,10/18/19,37,302,
553,24,17,MED,22,10/18/19,28,117,
554,25,17,MED,22,10/18/19,30,180,
555,26,17,MED,22,10/18/19,32,179,
556,27,17,MED,22,10/18/19,36,275,
557,28,17,MED,22,10/18/19,30,131,
558,29,17,MED,22,10/18/19,29,176,
559,30,17,MED,22,10/18/19,41,435,
560,31,17,MED,22,10/18/19,33,217,
561,32,17,MED,22,10/18/19,37,257,
562,33,17,MED,22,10/18/19,27,113,
563,34,17,MED,22,10/18/19,42,410,
564,1,18,LOW,17,10/18/19,40,326,
565,2,18,LOW,17,10/18/19,38,345,
566,3,18,LOW,17,10/18/19,30,233,
567,4,18,LOW,17,10/18/19,39,307,
568,5,18,LOW,17,10/18/19,39,326,
569,6,18,LOW,17,10/18/19,33,247,
570,7,18,LOW,17,10/18/19,40,360,
571,8,18,LOW,17,10/18/19,37,338,
572,9,18,LOW,17,10/18/19,37,355,
573,10,18,LOW,17,10/18/19,28,138,
574,11,18,LOW,17,10/18/19,34,215,
575,12,18,LOW,17,10/18/19,34,189,
576,13,18,LOW,17,10/18/19,33,196,
577,14,18,LOW,17,10/18/19,38,345,
578,15,18,LOW,17,10/18/19,29,118,
579,16,18,LOW,17,10/18/19,38,371,
580,17,18,LOW,17,10/18/19,36,286,
581,18,18,LOW,17,10/18/19,30,172,
582,19,18,LOW,17,10/18/19,31,193,
583,20,18,LOW,17,10/18/19,39,315,
584,21,18,LOW,17,10/18/19,31,162,
585,22,18,LOW,17,10/18/19,36,252,
586,23,18,LOW,17,10/18/19,38,309,
587,24,18,LOW,17,10/18/19,41,438,
588,25,18,LOW,17,10/18/19,30,168,
589,26,18,LOW,17,10/18/19,25,136,
590,27,18,LOW,17,10/18/19,36,268,
591,28,18,LOW,17,10/18/19,37,287,
592,29,18,LOW,17,10/18/19,37,302,
593,30,18,LOW,17,10/18/19,40,401,
594,31,18,LOW,17,10/18/19,33,184,
595,32,18,LOW,17,10/18/19,27,110,
1,1,1,HOT,27,11/15/19,35,248,
2,2,1,HOT,27,11/15/19,38,269,
3,3,1,HOT,27,11/15/19,34,225,
4,4,1,HOT,27,11/15/19,34,246,
5,5,1,HOT,27,11/15/19,36,198,
6,6,1,HOT,27,11/15/19,41,321,
7,7,1,HOT,27,11/15/19,37,265,
8,8,1,HOT,27,11/15/19,37,255,
9,9,1,HOT,27,11/15/19,32,172,
10,10,1,HOT,27,11/15/19,35,199,
11,11,1,HOT,27,11/15/19,34,200,
12,1,2,V1,V1,11/15/19,42,452,
13,2,2,V1,V1,11/15/19,31,244,cut caudal
14,3,2,V1,V1,11/15/19,37,263,
15,4,2,V1,V1,11/15/19,36,256,
17,6,2,V1,V1,11/15/19,42,499,pregnant
18,7,2,V1,V1,11/15/19,44,440,
19,8,2,V1,V1,11/15/19,33,191,cut cuadal
20,9,2,V1,V1,11/15/19,42,402,
21,10,2,V1,V1,11/15/19,38,277,
22,11,2,V1,V1,11/15/19,31,121,
23,12,2,V1,V1,11/15/19,36,295,cut cadual
24,13,2,V1,V1,11/15/19,42,430,cut caudal
25,14,2,V1,V1,11/15/19,35,245,
26,15,2,V1,V1,11/15/19,41,387,
27,16,2,V1,V1,11/15/19,41,408,
28,17,2,V1,V1,11/15/19,32,139,
29,18,2,V1,V1,11/15/19,36,273,
30,19,2,V1,V1,11/15/19,33,214,
31,20,2,V1,V1,11/15/19,35,222,
32,21,2,V1,V1,11/15/19,32,183,
34,1,3,COLD,12,11/15/19,42,368,
35,2,3,COLD,12,11/15/19,38,261,
36,3,3,COLD,12,11/15/19,38,276,
37,4,3,COLD,12,11/15/19,40,355,
38,5,3,COLD,12,11/15/19,28,115,
39,6,3,COLD,12,11/15/19,29,157,
40,7,3,COLD,12,11/15/19,39,281,
41,8,3,COLD,12,11/15/19,37,271,
42,9,3,COLD,12,11/15/19,35,188,
43,10,3,COLD,12,11/15/19,38,302,
44,11,3,COLD,12,11/15/19,37,230,
45,12,3,COLD,12,11/15/19,32,167,
46,13,3,COLD,12,11/15/19,38,317,pregnant
47,14,3,COLD,12,11/15/19,43,386,pregnant
48,1,4,V1,V1,11/15/19,38,330,
49,2,4,V1,V1,11/15/19,38,335,
50,3,4,V1,V1,11/15/19,37,242,
51,4,4,V1,V1,11/15/19,40,344,
52,5,4,V1,V1,11/15/19,37,246,
53,6,4,V1,V1,11/15/19,39,350,
54,7,4,V1,V1,11/15/19,36,237,
55,8,4,V1,V1,11/15/19,40,362,
56,9,4,V1,V1,11/15/19,39,366,
57,10,4,V1,V1,11/15/19,37,340,
58,11,4,V1,V1,11/15/19,40,325,
59,12,4,V1,V1,11/15/19,30,115,
60,13,4,V1,V1,11/15/19,37,220,
61,14,4,V1,V1,11/15/19,39,283,
62,15,4,V1,V1,11/15/19,38,299,
63,16,4,V1,V1,11/15/19,24,83,
64,1,5,MED,22,11/15/19,41,358,
65,2,5,MED,22,11/15/19,40,419,
66,3,5,MED,22,11/15/19,37,312,cut caudal
67,4,5,MED,22,11/15/19,36,280,
68,5,5,MED,22,11/15/19,33,204,
69,6,5,MED,22,11/15/19,43,370,
70,7,5,MED,22,11/15/19,40,310,
71,8,5,MED,22,11/15/19,34,219,
72,9,5,MED,22,11/15/19,30,125,
73,10,5,MED,22,11/15/19,31,63,
74,11,5,MED,22,11/15/19,40,318,
75,12,5,MED,22,11/15/19,33,150,
76,13,5,MED,22,11/15/19,30,127,
77,14,5,MED,22,11/15/19,31,138,cut caudal
78,1,6,LOW,17,11/15/19,41,370,
79,2,6,LOW,17,11/15/19,41,337,
80,3,6,LOW,17,11/15/19,43,500,
81,4,6,LOW,17,11/15/19,44,452,
82,5,6,LOW,17,11/15/19,42,410,
84,7,6,LOW,17,11/15/19,33,211,
85,8,6,LOW,17,11/15/19,34,219,
86,9,6,LOW,17,11/15/19,40,345,
87,10,6,LOW,17,11/15/19,39,312,
88,11,6,LOW,17,11/15/19,40,326,
89,12,6,LOW,17,11/15/19,45,511,
90,13,6,LOW,17,11/15/19,35,231,
91,14,6,LOW,17,11/15/19,35,187,
92,15,6,LOW,17,11/15/19,34,208,
93,16,6,LOW,17,11/15/19,44,498,
94,17,6,LOW,17,11/15/19,39,313,
95,18,6,LOW,17,11/15/19,36,251,
96,19,6,LOW,17,11/15/19,39,234,
97,20,6,LOW,17,11/15/19,34,188,
98,21,6,LOW,17,11/15/19,40,348,
99,22,6,LOW,17,11/15/19,36,234,
100,23,6,LOW,17,11/15/19,34,205,
102,1,7,V2,V2,11/15/19,33,196,
103,2,7,V2,V2,11/15/19,34,212,
104,3,7,V2,V2,11/15/19,39,390,
105,4,7,V2,V2,11/15/19,35,187,
106,5,7,V2,V2,11/15/19,35,241,
107,6,7,V2,V2,11/15/19,39,285,
108,7,7,V2,V2,11/15/19,34,192,
109,8,7,V2,V2,11/15/19,33,193,
110,9,7,V2,V2,11/15/19,37,250,
111,10,7,V2,V2,11/15/19,42,410,pregnant
112,11,7,V2,V2,11/15/19,35,206,
113,12,7,V2,V2,11/15/19,37,272,
114,13,7,V2,V2,11/15/19,35,252,
115,14,7,V2,V2,11/15/19,35,244,
116,15,7,V2,V2,11/15/19,38,343,
117,16,7,V2,V2,11/15/19,37,280,
118,17,7,V2,V2,11/15/19,33,163,
119,1,8,COLD,12,11/15/19,28,106,
120,2,8,COLD,12,11/15/19,33,191,
121,3,8,COLD,12,11/15/19,36,244,
122,4,8,COLD,12,11/15/19,37,221,
123,5,8,COLD,12,11/15/19,41,325,
124,6,8,COLD,12,11/15/19,37,230,
125,7,8,COLD,12,11/15/19,35,235,
126,8,8,COLD,12,11/15/19,34,202,
127,9,8,COLD,12,11/15/19,33,164,
128,10,8,COLD,12,11/15/19,42,397,
129,11,8,COLD,12,11/15/19,34,190,
131,13,8,COLD,12,11/15/19,30,145,
132,14,8,COLD,12,11/15/19,36,212,
133,15,8,COLD,12,11/15/19,31,144,
134,16,8,COLD,12,11/15/19,36,222,
135,17,8,COLD,12,11/15/19,41,363,
136,18,8,COLD,12,11/15/19,33,184,
137,19,8,COLD,12,11/15/19,34,279,cut caudal
138,20,8,COLD,12,11/15/19,37,367,
139,21,8,COLD,12,11/15/19,37,269,
140,22,8,COLD,12,11/15/19,36,87,
141,1,9,MED,22,11/15/19,40,307,
142,2,9,MED,22,11/15/19,37,263,
143,3,9,MED,22,11/15/19,42,462,pregnant
144,4,9,MED,22,11/15/19,33,245,
145,5,9,MED,22,11/15/19,31,162,
146,6,9,MED,22,11/15/19,42,406,
147,7,9,MED,22,11/15/19,33,182,
148,8,9,MED,22,11/15/19,31,116,
149,9,9,MED,22,11/15/19,32,156,
150,10,9,MED,22,11/15/19,28,111,
151,11,9,MED,22,11/15/19,35,215,
152,12,9,MED,22,11/15/19,34,185,
153,13,9,MED,22,11/15/19,39,312,
154,14,9,MED,22,11/15/19,34,182,
156,16,9,MED,22,11/15/19,41,288,
157,17,9,MED,22,11/15/19,38,292,
158,18,9,MED,22,11/15/19,35,84,
159,19,9,MED,22,11/15/19,43,381,
160,20,9,MED,22,11/15/19,37,245,
161,21,9,MED,22,11/15/19,35,218,
162,22,9,MED,22,11/15/19,36,207,
163,23,9,MED,22,11/15/19,35,185,
164,24,9,MED,22,11/15/19,32,183,
165,25,9,MED,22,11/15/19,22,73,
166,26,9,MED,22,11/15/19,32,173,
167,1,11,LOW,17,11/15/19,41,348,
168,2,11,LOW,17,11/15/19,37,265,
169,3,11,LOW,17,11/15/19,40,297,
170,4,11,LOW,17,11/15/19,30,151,
171,5,11,LOW,17,11/15/19,39,307,
172,6,11,LOW,17,11/15/19,42,470,
173,7,11,LOW,17,11/15/19,37,240,
174,8,11,LOW,17,11/15/19,38,281,
175,9,11,LOW,17,11/15/19,43,431,
176,10,11,LOW,17,11/15/19,45,444,
177,11,11,LOW,17,11/15/19,35,231,
178,12,11,LOW,17,11/15/19,31,150,
179,13,11,LOW,17,11/15/19,43,466,
180,14,11,LOW,17,11/15/19,32,155,
181,15,11,LOW,17,11/15/19,32,176,
182,16,11,LOW,17,11/15/19,42,329,
183,17,11,LOW,17,11/15/19,42,425,
184,18,11,LOW,17,11/15/19,43,441,
185,19,11,LOW,17,11/15/19,36,230,
186,20,11,LOW,17,11/15/19,35,225,
187,21,11,LOW,17,11/15/19,41,309,
188,22,11,LOW,17,11/15/19,41,332,
189,23,11,LOW,17,11/15/19,41,307,
190,24,11,LOW,17,11/15/19,33,157,
191,1,12,V2,V2,11/15/19,40,350,
192,2,12,V2,V2,11/15/19,41,308,
193,3,12,V2,V2,11/15/19,32,190,
194,4,12,V2,V2,11/15/19,38,267,
195,5,12,V2,V2,11/15/19,36,213,
196,6,12,V2,V2,11/15/19,41,430,cut caudal
197,7,12,V2,V2,11/15/19,40,343,
198,8,12,V2,V2,11/15/19,42,468,
199,9,12,V2,V2,11/15/19,36,233,
200,10,12,V2,V2,11/15/19,26,105,
201,11,12,V2,V2,11/15/19,26,110,
202,12,12,V2,V2,11/15/19,43,356,
203,13,12,V2,V2,11/15/19,34,195,
204,14,12,V2,V2,11/15/19,36,219,
205,15,12,V2,V2,11/15/19,36,231,
208,1,13,COLD,12,11/15/19,37,234,
209,2,13,COLD,12,11/15/19,37,320,pregnant
210,3,13,COLD,12,11/15/19,39,355,pregnant
211,4,13,COLD,12,11/15/19,41,403,
212,5,13,COLD,12,11/15/19,44,400,
213,6,13,COLD,12,11/15/19,36,232,
214,7,13,COLD,12,11/15/19,37,257,
215,8,13,COLD,12,11/15/19,38,282,
216,9,13,COLD,12,11/15/19,30,137,
217,10,13,COLD,12,11/15/19,35,212,
218,11,13,COLD,12,11/15/19,38,291,
219,12,13,COLD,12,11/15/19,39,316,
220,13,13,COLD,12,11/15/19,38,331,
221,14,13,COLD,12,11/15/19,39,305,
222,15,13,COLD,12,11/15/19,24,79,
223,16,13,COLD,12,11/15/19,37,261,
224,17,13,COLD,12,11/15/19,37,280,
225,18,13,COLD,12,11/15/19,40,337,
226,19,13,COLD,12,11/15/19,25,96,
227,20,13,COLD,12,11/15/19,32,199,
228,21,13,COLD,12,11/15/19,33,244,
229,22,13,COLD,12,11/15/19,37,267,
230,23,13,COLD,12,11/15/19,30,118,
232,2,15,V2,V2,11/15/19,33,185,
233,3,15,V2,V2,11/15/19,33,189,
234,4,15,V2,V2,11/15/19,36,294,
235,5,15,V2,V2,11/15/19,40,344,
236,6,15,V2,V2,11/15/19,35,164,
237,7,15,V2,V2,11/15/19,32,189,
238,8,15,V2,V2,11/15/19,33,190,
239,9,15,V2,V2,11/15/19,39,318,
240,10,15,V2,V2,11/15/19,35,249,
241,11,15,V2,V2,11/15/19,29,121,
242,12,15,V2,V2,11/15/19,41,361,
243,13,15,V2,V2,11/15/19,30,108,
244,14,15,V2,V2,11/15/19,43,390,
245,15,15,V2,V2,11/15/19,35,321,cut caudal
246,16,15,V2,V2,11/15/19,37,285,
247,17,15,V2,V2,11/15/19,32,164,
248,18,15,V2,V2,11/15/19,38,296,
249,1,16,HOT,27,11/15/19,38,251,
250,2,16,HOT,27,11/15/19,38,251,
251,3,16,HOT,27,11/15/19,38,290,
252,4,16,HOT,27,11/15/19,38,271,
253,5,16,HOT,27,11/15/19,27,82,
254,6,16,HOT,27,11/15/19,28,104,
256,1,17,MED,22,11/15/19,31,190,
257,2,17,MED,22,11/15/19,37,235,
258,3,17,MED,22,11/15/19,33,222,
260,5,17,MED,22,11/15/19,39,334,
261,6,17,MED,22,11/15/19,42,391,
262,7,17,MED,22,11/15/19,42,437,
263,8,17,MED,22,11/15/19,30,141,
264,9,17,MED,22,11/15/19,42,439,
265,10,17,MED,22,11/15/19,43,548,
267,12,17,MED,22,11/15/19,33,208,
268,13,17,MED,22,11/15/19,41,401,
269,14,17,MED,22,11/15/19,37,302,
270,15,17,MED,22,11/15/19,36,249,
271,16,17,MED,22,11/15/19,36,237,
272,17,17,MED,22,11/15/19,38,268,
273,18,17,MED,22,11/15/19,39,338,
274,19,17,MED,22,11/15/19,37,315,
275,20,17,MED,22,11/15/19,41,359,
276,21,17,MED,22,11/15/19,43,450,
277,22,17,MED,22,11/15/19,44,530,
278,23,17,MED,22,11/15/19,39,333,yellowish color
279,24,17,MED,22,11/15/19,35,180,
281,1,18,LOW,17,11/15/19,40,363,
282,2,18,LOW,17,11/15/19,38,289,
283,3,18,LOW,17,11/15/19,37,270,
284,4,18,LOW,17,11/15/19,40,346,
285,5,18,LOW,17,11/15/19,40,365,
286,6,18,LOW,17,11/15/19,42,396,
287,7,18,LOW,17,11/15/19,37,243,
288,8,18,LOW,17,11/15/19,39,264,
289,9,18,LOW,17,11/15/19,35,216,
290,10,18,LOW,17,11/15/19,30,163,
292,12,18,LOW,17,11/15/19,39,409,
293,13,18,LOW,17,11/15/19,34,203,
294,14,18,LOW,17,11/15/19,31,172,
295,15,18,LOW,17,11/15/19,42,389,
296,16,18,LOW,17,11/15/19,30,140,
297,17,18,LOW,17,11/15/19,32,225,
298,18,18,LOW,17,11/15/19,38,327,
299,19,18,LOW,17,11/15/19,40,310,
na,na,2,V1,var1,11/12/19,37,213,
na,na,16,HOT,27,11/12/19,37,410,
na,na,2,V1,var1,11/12/19,41,325,
na,na,2,V1,var1,11/12/19,39,282,
na,na,2,V1,var1,11/12/19,43,475,
na,na,4,V1,var1,11/12/19,38,250,
na,na,2,V1,var1,11/12/19,43,533,
na,na,4,V1,var1,11/12/19,35,147,
na,na,4,V1,var1,11/12/19,35,227,
na,na,4,V1,var1,11/12/19,30,151,
na,na,4,V1,var1,11/12/19,40,288,
na,na,16,HOT,27,11/12/19,30,142,
na,na,16,HOT,27,11/12/19,37,212,
na,na,16,HOT,27,11/12/19,36,233,
na,na,10,HOT,27,11/12/19,40,307,
na,na,16,HOT,27,11/12/19,42,397,
na,na,1,HOT,27,11/12/19,31,175,
na,na,1,HOT,27,11/12/19,39,290,
na,na,1,HOT,27,11/12/19,32,149,
na,na,1,HOT,27,11/12/19,40,369,
na,na,1,HOT,27,11/12/19,35,202,
na,na,10,HOT,27,11/12/19,35,250,
na,na,4,V1,var1,11/12/19,41,314,
na,na,1,HOT,27,11/12/19,37,278,
na,na,1,HOT,27,11/12/19,37,284,
na,na,1,HOT,27,11/12/19,36,253,
na,na,16,HOT,27,11/12/19,38,290,
na,na,16,HOT,27,11/12/19,33,191,
na,na,1,HOT,27,11/12/19,40,356,
na,na,16,HOT,27,11/12/19,36,235,
na,na,16,HOT,27,11/12/19,35,197,
na,na,2,V1,var1,11/12/19,38,329,
na,na,1,HOT,27,11/12/19,32,175,
na,na,10,HOT,27,11/12/19,27,99,
na,na,2,V1,var1,11/12/19,36,249,
na,na,16,HOT,27,11/12/19,34,166,
na,na,2,V1,var1,11/12/19,23,193,
na,na,10,HOT,27,11/12/19,27,107,
na,na,4,V1,var1,11/12/19,38,235,
na,na,4,V1,var1,11/12/19,35,202,
na,na,2,V1,var1,11/12/19,39,243,
na,na,4,V1,var1,11/12/19,40,286,
na,na,4,V1,var1,11/12/19,42,429,
na,na,2,V1,var1,11/12/19,39,264,
na,na,12,V2,var2,11/13/19,42,306,
na,na,17,MED,22,11/13/19,39,223,
na,na,5,MED,22,11/13/19,33,161,
na,na,17,MED,22,11/13/19,35,203,
na,na,9,MED,22,11/13/19,36,214,
na,na,12,V2,var2,11/13/19,37,216,
na,na,15,V2,var2,11/13/19,32,141,
na,na,9,MED,22,11/13/19,39,302,
na,na,17,MED,22,11/13/19,38,281,
na,na,15,V2,var2,11/13/19,34,236,
na,na,17,MED,22,11/13/19,35,228,
na,na,5,MED,22,11/13/19,39,283,
na,na,15,V2,var2,11/13/19,38,301,
na,na,17,MED,22,11/13/19,35,168,
na,na,9,MED,22,11/13/19,37,290,
na,na,9,MED,22,11/13/19,32,148,
na,na,7,V2,var2,11/13/19,39,278,
na,na,7,V2,var2,11/13/19,42,411,
na,na,12,V2,var2,11/13/19,32,173,
na,na,7,V2,var2,11/13/19,41,340,
na,na,9,MED,22,11/13/19,38,247,
na,na,12,V2,var2,11/13/19,32,142,
na,na,7,V2,var2,11/13/19,42,386,
na,na,15,V2,var2,11/13/19,32,233,
na,na,12,V2,var2,11/13/19,35,202,
na,na,12,V2,var2,11/13/19,32,174,
na,na,5,MED,22,11/13/19,32,170,
na,na,7,V2,var2,11/13/19,36,217,
na,na,3,COLD,12,11/13/19,41,315,
na,na,13,COLD,12,11/13/19,33,166,
na,na,3,COLD,12,11/13/19,35,225,
na,na,3,COLD,12,11/13/19,31,171,
na,na,8,COLD,12,11/13/19,36,199,
na,na,3,COLD,12,11/13/19,39,327,
na,na,13,COLD,12,11/13/19,39,344,
na,na,8,COLD,12,11/13/19,36,251,
na,na,3,COLD,12,11/13/19,35,193,
na,na,13,COLD,12,11/13/19,33,206,
na,na,8,COLD,12,11/13/19,37,212,
na,na,3,COLD,12,11/13/19,27,122,
na,na,13,COLD,12,11/13/19,34,200,
na,na,8,COLD,12,11/13/19,26,61,
na,na,8,COLD,12,11/13/19,28,156,
na,na,11,LOW,17,11/14/19,37,217,
na,na,11,LOW,17,11/14/19,35,201,
na,na,18,LOW,17,11/14/19,40,311,
na,na,11,LOW,17,11/14/19,33,172,
na,na,6,LOW,17,11/14/19,33,135,
na,na,18,LOW,17,11/14/19,39,277,
na,na,18,LOW,17,11/14/19,33,159,
na,na,18,LOW,17,11/14/19,30,145,
na,na,11,LOW,17,11/14/19,34,160,
na,na,11,LOW,17,11/14/19,40,270,
na,na,18,LOW,17,11/14/19,43,395,
na,na,6,LOW,17,11/14/19,42,424,
na,na,6,LOW,17,11/14/19,39,310,
na,na,6,LOW,17,11/14/19,32,155,
na,na,18,LOW,17,11/14/19,31,157,
na,na,11,LOW,17,11/14/19,39,325,
na,na,11,LOW,17,11/14/19,38,276,
na,na,6,LOW,17,11/14/19,42,340,
na,na,11,LOW,17,11/14/19,38,276,
na,na,18,LOW,17,11/14/19,41,387,
na,na,6,LOW,17,11/14/19,36,270,
na,na,18,LOW,17,11/14/19,37,323,
na,na,18,LOW,17,11/14/19,40,311,
na,na,18,LOW,17,11/14/19,38,282,
na,na,6,LOW,17,11/14/19,39,387,
na,na,11,LOW,17,11/14/19,35,227,
na,na,6,LOW,17,11/14/19,39,274,
na,na,11,LOW,17,11/14/19,38,305,
na,na,6,LOW,17,11/14/19,37,285,
na,na,15,V2,var2,11/25/19,36,172,
na,na,15,V2,var2,11/25/19,36,201,
na,na,12,V2,var2,11/25/19,37,235,
na,na,15,V2,var2,11/25/19,33,215,
na,na,5,MED,22,11/25/19,40,310,
na,na,7,V2,var2,11/25/19,38,262,
na,na,17,MED,22,11/25/19,43,450,
na,na,5,MED,22,11/25/19,29,126,
na,na,15,V2,var2,11/25/19,42,342,
na,na,7,V2,var2,11/25/19,36,248,
na,na,17,MED,22,11/25/19,34,221,
na,na,12,V2,var2,11/25/19,34,194,
na,na,17,MED,22,11/25/19,43,406,
na,na,7,V2,var2,11/25/19,32,179,
na,na,7,V2,var2,11/25/19,34,153,
na,na,12,V2,var2,11/25/19,28,106,
na,na,12,V2,var2,11/25/19,43,388,
na,na,17,MED,22,11/25/19,42,370,
na,na,12,V2,var2,11/25/19,40,315,
na,na,15,V2,var2,11/25/19,40,335,
na,na,9,MED,22,11/25/19,32,159,
na,na,5,MED,22,11/25/19,39,322,
na,na,5,MED,22,11/25/19,42,364,
na,na,9,MED,22,11/25/19,39,298,
na,na,9,MED,22,11/25/19,37,266,
na,na,7,V2,var2,11/25/19,35,248,
na,na,9,MED,22,11/25/19,36,222,
na,na,17,MED,22,11/25/19,36,222,
na,na,9,MED,22,11/25/19,26,116,
na,na,13,COLD,12,11/29/19,38,336,
na,na,8,COLD,12,11/29/19,32,146,
na,na,13,COLD,12,11/29/19,37,267,
na,na,13,COLD,12,11/29/19,38,238,
na,na,8,COLD,12,11/29/19,36,191,
na,na,13,COLD,12,11/29/19,32,131,
na,na,13,COLD,12,11/29/19,31,133,
na,na,13,COLD,12,11/29/19,38,314,
na,na,13,COLD,12,11/29/19,36,246,
na,na,13,COLD,12,11/29/19,37,214,
na,na,13,COLD,12,11/29/19,37,227,
na,na,13,COLD,12,11/29/19,26,79,
na,na,8,COLD,12,11/29/19,37,274,
na,na,13,COLD,12,11/29/19,37,287,
na,na,3,COLD,12,11/29/19,38,284,
na,na,13,COLD,12,11/29/19,35,200,
na,na,3,COLD,12,11/29/19,30,127,
na,na,13,COLD,12,11/29/19,37,251,
na,na,3,COLD,12,11/29/19,39,288,
na,na,8,COLD,12,11/13/19,38,357,
na,na,8,COLD,12,11/13/19,36,264,
na,na,3,COLD,12,11/13/19,40,379,
na,na,3,COLD,12,11/13/19,41,349,
na,na,13,COLD,12,11/13/19,37,260,
na,na,3,COLD,12,11/13/19,32,185,
na,na,13,COLD,12,11/13/19,33,182,
na,na,13,COLD,12,11/13/19,30,147,
na,na,13,COLD,12,11/13/19,29,170,
na,na,8,COLD,12,11/13/19,33,243,
na,na,3,COLD,12,11/13/19,37,276,
na,na,8,COLD,12,11/13/19,43,415,
na,na,8,COLD,12,11/13/19,39,334,
na,na,3,COLD,12,11/13/19,35,228,
na,na,13,COLD,12,11/13/19,32,152,
na,na,17,MED,22,11/13/19,41,340,
na,na,7,V2,var2,11/13/19,35,222,
na,na,7,V2,var2,11/13/19,37,256,
na,na,15,V2,var2,11/13/19,40,324,
na,na,12,V2,var2,11/13/19,33,195,
na,na,9,MED,22,11/13/19,37,235,
na,na,17,MED,22,11/13/19,28,115,
na,na,15,V2,var2,11/13/19,38,261,
na,na,15,V2,var2,11/13/19,37,386,
na,na,15,V2,var2,11/13/19,32,226,
na,na,12,V2,var2,11/13/19,40,357,
na,na,12,V2,var2,11/13/19,31,195,
na,na,9,MED,22,11/13/19,37,255,
na,na,9,MED,22,11/13/19,38,275,
na,na,9,MED,22,11/13/19,43,427,
na,na,17,MED,22,11/13/19,44,492,
na,na,15,V2,var2,11/13/19,36,231,
na,na,17,MED,22,11/13/19,35,250,
na,na,12,V2,var2,11/13/19,41,368,
na,na,7,V2,var2,11/13/19,38,259,
na,na,7,V2,var2,11/13/19,41,354,
na,na,5,MED,22,11/13/19,36,411,
na,na,5,MED,22,11/13/19,43,450,
na,na,7,V2,var2,11/13/19,36,1.6,
na,na,12,V2,var2,11/13/19,35,173,
na,na,5,MED,22,11/13/19,40,336,
na,na,17,MED,22,11/13/19,35,224,
na,na,5,MED,22,11/13/19,35,210,
na,na,5,MED,22,11/13/19,33,255,
na,na,9,MED,22,11/13/19,30,115,